WKT;Tipo;Nombre de las calles;País;Departamento;Provincia;Distrito;Ubigeo;Nombre del personaje
LINESTRING (-77.1126603 -12.0566987, -77.1126282 -12.0568332, -77.1125578 -12.0571532, -77.112483 -12.0575076, -77.1122563 -12.0585637, -77.1122396 -12.0586765, -77.1122423 -12.0587644, -77.1122671 -12.0588529, -77.1123133 -12.0589611, -77.1124723 -12.0592437, -77.1126298 -12.0595008, -77.1128927 -12.0599552, -77.113458 -12.0609198, -77.1137644 -12.061432);Calle;Calle Aída García de Sotomayor;Perú;Lima;Callao;Bellavista (Callao);70102;Aida García Crescimbeni
LINESTRING (-77.0721788 -11.9818939, -77.0710737 -11.9820014, -77.0704032 -11.982067, -77.0702959 -11.9820592, -77.0702557 -11.9820355, -77.0697863 -11.9820801, -77.068126 -11.9822612, -77.0663665 -11.9824186, -77.0660553 -11.9824475, -77.0659883 -11.9824265);Calle;Calle Alameda Victoria Barciaboniffatti;Perú;Lima;Lima;Los Olivos;150117;Victoria Barcia Boniffatti
LINESTRING (-77.0831414 -12.0265662, -77.0830583 -12.026414, -77.0836403 -12.0261569, -77.0843323 -12.0258369, -77.0843779 -12.0259444, -77.0799067 -12.0282792, -77.0794239 -12.0284786, -77.0786782 -12.0286701, -77.0784878 -12.0287016, -77.0779567 -12.0287068, -77.0775034 -12.0287448);Calle;Calle Amalia Puga de Lozada;Perú;Lima;Lima;San Martín de Porres;150135;Amalia Natividad de las Mercedes Puga y Puga
LINESTRING (-77.082668 -12.0854265, -77.0823435 -12.0848102, -77.0820672 -12.0842751, -77.0817882 -12.0837663, -77.0814127 -12.083066, -77.0811472 -12.0825782, -77.0810319 -12.0823605);Calle;Calle Amalia Puga de Lozada;Perú;Lima;Lima;San Miguel;150136;Amalia Natividad de las Mercedes Puga y Puga
LINESTRING (-77.0888074 -12.0820412, -77.0877935 -12.0825133, -77.0869861 -12.0829093);Calle;Calle Angélica Palma;Perú;Lima;Lima;San Miguel;150136;María Angélica Palma y Román
LINESTRING (-77.0711691 -11.9827098, -77.0707855 -11.9827504, -77.0697395 -11.9828397);Calle;Calle Angélica Palma;Perú;Lima;Lima;Los Olivos;150117;María Angélica Palma y Román
LINESTRING (-77.0725885 -11.9678994, -77.0723311 -11.9675636, -77.0720146 -11.9672487, -77.0715264 -11.9667764, -77.0711562 -11.9664983, -77.0708397 -11.9662936, -77.0704374 -11.9660469, -77.0697776 -11.9657531, -77.0694986 -11.9656743);Calle;Calle Antonia Moreno;Perú;Lima;Lima;Los Olivos;150117;Antonia Moreno Leyva
LINESTRING (-77.0403312 -11.8960138, -77.0390867 -11.8953813);Calle;Calle Antonia de Castro;Perú;Lima;Lima;Carabayllo;150106;Antonia de Castro
LINESTRING (-77.0781948 -12.0836882, -77.0780245 -12.0832777, -77.0779212 -12.0829591, -77.0778421 -12.0827073, -77.0777456 -12.0823637, -77.0776463 -12.0817303, -77.0776208 -12.0814929);Calle;Calle Bárbara Alcázar;Perú;Lima;Lima;San Miguel;150136;Bárbara Alcázar
LINESTRING (-76.9972171 -12.1169823, -76.9974799 -12.1160133, -76.9973458 -12.1156789, -76.9971272 -12.1152764, -76.9970964 -12.1151112, -76.9971125 -12.1149551, -76.9971822 -12.1145644);Calle;Calle Bárbara D'Achille;Perú;Lima;Lima;Surquillo;150141;Bárbara D'Achille
LINESTRING (-77.0321335 -12.0219715, -77.0317902 -12.0215937, -77.0318465 -12.0212868, -77.0309238 -12.020505);Calle;Calle Bartola Sancho Dávila;Perú;Lima;Lima;Rímac;150128;Bartola Sancho Dávila Franco
LINESTRING (-77.0447315 -11.9421385, -77.0447852 -11.9427709, -77.0448469 -11.9435949, -77.044879 -11.9438966);Calle;Calle Beatita de Humay;Perú;Lima;Lima;Comas;150110;Luisa de la Torre Rojas
LINESTRING (-77.0875448 -12.0840834, -77.0867536 -12.0824389);Calle;Calle Beatriz Cisneros;Perú;Lima;Lima;San Miguel;150136;Beatriz Cisneros Bustamante
LINESTRING (-77.0777277 -12.0823935, -77.0771591 -12.0825194);Calle;Calle Candelaria García;Perú;Lima;Lima;San Miguel;150136;Candelaria García
LINESTRING (-77.0842083 -12.0811897, -77.083578 -12.0812448, -77.0828887 -12.0812789, -77.0823576 -12.0813182);Calle;Calle Carolina Freyre de James;Perú;Lima;Lima;San Miguel;150136;Carolina Freyre Arias
LINESTRING (-77.0361245 -12.1045554, -77.0346815 -12.1046604, -77.0344776 -12.1046708);Calle;Calle Carolina Vargas de Vargas;Perú;Lima;Lima;San Isidro;150131;Carolina Vargas de Vargas
LINESTRING (-77.0408669 -11.8951772, -77.0406027 -11.8950328, -77.0404512 -11.8949528, -77.0398973 -11.8946693, -77.039491 -11.8944672, -77.0390833 -11.8942664, -77.0387171 -11.8939366, -77.0382734 -11.8934093);Calle;Calle Catalina de Salas Pachacútec;Perú;Lima;Lima;Carabayllo;150106;Catalina de Salas Pachacútec
LINESTRING (-76.827493 -12.1089894, -76.8272489 -12.1090182, -76.8271524 -12.1089501, -76.8267661 -12.1083783);Calle;Calle Catalina Huanca;Perú;Lima;Lima;Cieneguilla;150107;Catalina Huanca
LINESTRING (-77.034516 -12.0940862, -77.0344697 -12.0939301, -77.0344188 -12.0937964, -77.0343832 -12.0937433);Calle;Calle Catalina Huanca;Perú;Lima;Lima;San Isidro;150131;Catalina Huanca
LINESTRING (-77.0829226 -12.0370652, -77.0828368 -12.0376397, -77.0827778 -12.0386181, -77.082708 -12.0390378);Calle;Calle Cecilia Túpac Amaru;Perú;Lima;Callao;Carmen de La Legua (Callao);70103;Cecilia Túpac Amaru
LINESTRING (-77.0731709 -12.0831013, -77.0722214 -12.0835262);Calle;Calle Condesa de Chinchón;Perú;Lima;Lima;San Miguel;150136;Francisca Henríquez de Ribera
LINESTRING (-76.9983275 -12.1182937, -76.9979469 -12.1181826, -76.9978772 -12.1181735, -76.9978098 -12.1181839, -76.997677 -12.1182203, -76.9975094 -12.1182675);Calle;Calle Clara Bartón;Perú;Lima;Lima;Surquillo;150141;Clarissa Harlowe Barton
LINESTRING (-76.9990565 -12.0992831, -76.99874 -12.0988411);Calle;Calle Clarawieck Schumann;Perú;Lima;Lima;San Borja;150130;Clara Wieck
LINESTRING (-77.0491342 -11.9497479, -77.0482705 -11.9497899, -77.0473639 -11.9498948, -77.046409 -11.9499788, -77.0463447 -11.9500313, -77.0463554 -11.950131, -77.0463769 -11.9502937);Calle;Calle Clorinda Málaga;Perú;Lima;Lima;Comas;150110;Clorinda Mercedes Málaga Bravo
LINESTRING (-77.1129333 -12.0619071, -77.1125819 -12.0613195, -77.1120106 -12.0603411, -77.1115814 -12.0596251);Calle;Calle Chabuca Granda;Perú;Lima;Callao;Bellavista (Callao);70102;María Isabel Granda y Larco
LINESTRING (-77.0867874 -11.9902501, -77.0866801 -11.9899484, -77.0864521 -11.9895889, -77.0858419 -11.9885788, -77.085576 -11.9881472);Calle;Calle Chabuca Granda;Perú;Lima;Lima;Los Olivos;150117;María Isabel Granda y Larco
LINESTRING (-77.0089922 -11.8771863, -77.0087535 -11.8767348, -77.0084182 -11.8762308);Calle;Calle Chimpu Ocllo;Perú;Lima;Lima;Carabayllo;150106;Isabel Suárez Yupanqui
LINESTRING (-77.0398672 -11.895817, -77.0393978 -11.8967225, -77.038915 -11.8975545);Calle;Calle Dionisia Cahuaypata;Perú;Lima;Lima;Carabayllo;150106;Dionisia Caguaitapa de Puyucagua
LINESTRING (-76.995624 -12.1421384, -76.9939825 -12.1431506);Calle;Calle Doña Alicia;Perú;Lima;Lima;Santiago de Surco;150140;Doña Alicia
LINESTRING (-76.993311 -12.1430018, -76.993665 -12.1427501, -76.9943195 -12.142341, -76.9953494 -12.141696, -76.9961595 -12.1411453, -76.9965698 -12.14087, -76.9971733 -12.1404583, -76.9976535 -12.1401122);Calle;Calle Doña Amalia;Perú;Lima;Lima;Santiago de Surco;150140;Doña Amalia
LINESTRING (-77.0012254 -12.1325197, -77.0012415 -12.1324063, -77.0012194 -12.1322536, -77.0011564 -12.1320752, -77.0009572 -12.1317297, -77.0008083 -12.1314734, -77.0006635 -12.1312191, -77.0005643 -12.1310827, -77.0004757 -12.1310119);Calle;Calle Doña Bárbara de Braganza;Perú;Lima;Lima;Santiago de Surco;150140;Bárbara de Braganza
LINESTRING (-76.999122 -12.1389484, -76.9976427 -12.1392159, -76.9974416 -12.1392408);Calle;Calle Doña Consuelo;Perú;Lima;Lima;Santiago de Surco;150140;Doña Consuelo
LINESTRING (-76.9889417 -12.1680388, -76.9883623 -12.1684112, -76.9879788 -12.1686353);Calle;Calle Doña Consuelo;Perú;Lima;Lima;Santiago de Surco;150140;Doña Consuelo
LINESTRING (-76.9989624 -12.1423153, -76.9988578 -12.1421107, -76.998764 -12.141977, -76.9986889 -12.1418905, -76.9985386 -12.1417751, -76.9984019 -12.1416649, -76.9982168 -12.1414027);Calle;Calle Doña Elvira;Perú;Lima;Lima;Santiago de Surco;150140;Doña Elvira
LINESTRING (-76.9965469 -12.1435306, -76.9963632 -12.1436669, -76.9960923 -12.1439907, -76.995643 -12.1444863, -76.9953654 -12.1447761, -76.9951294 -12.1449439, -76.9943354 -12.1454474);Calle;Calle Doña Ester;Perú;Lima;Lima;Santiago de Surco;150140;Doña Ester
LINESTRING (-76.9984876 -12.140259, -76.9983106 -12.1399968, -76.9981202 -12.1395799, -76.9980075 -12.1392049);Calle;Calle Doña Esperanza;Perú;Lima;Lima;Santiago de Surco;150140;Doña Esperanza
LINESTRING (-76.9979142 -12.1428818, -76.9975682 -12.1423705, -76.9969593 -12.1414737);Calle;Calle Doña Gloria;Perú;Lima;Lima;Santiago de Surco;150140;Doña Gloria
LINESTRING (-76.9973818 -12.143265, -76.9971055 -12.1428651, -76.9967676 -12.1423643, -76.9964055 -12.1418136);Calle;Calle Doña Hilda;Perú;Lima;Lima;Santiago de Surco;150140;Doña Hilda
LINESTRING (-76.9911769 -12.171778, -76.9911796 -12.1715106, -76.9911608 -12.1713873, -76.9910803 -12.1712825, -76.9909355 -12.1711304, -76.9908228 -12.1709652, -76.9907424 -12.1708629, -76.9905331 -12.1707187, -76.99045 -12.1706401, -76.9903561 -12.1705116, -76.9902327 -12.1702783, -76.9900933 -12.1700423, -76.9898787 -12.169649, -76.9896722 -12.1693344, -76.98942 -12.1689568, -76.989353 -12.1688519, -76.9892698 -12.1686894, -76.9890606 -12.1682488, -76.9889834 -12.1680641);Calle;Calle Doña Hortencia;Perú;Lima;Lima;Santiago de Surco;150140;Doña Hortencia
LINESTRING (-77.0003215 -12.1436897, -77.000072 -12.1431797, -76.9998293 -12.1425818, -76.9996764 -12.1423091, -76.9995788 -12.1421006, -76.9995044 -12.1419744, -76.9994343 -12.141844, -76.9994028 -12.1417847, -76.9993512 -12.1416853, -76.9993233 -12.1416447, -76.9992627 -12.1415595, -76.9991745 -12.1414569, -76.9991108 -12.141391, -76.9989857 -12.1412828, -76.9989334 -12.1412347, -76.9988684 -12.1411583, -76.9988198 -12.1410993, -76.99874 -12.1409911);Calle;Calle Doña Juana;Perú;Lima;Lima;Santiago de Surco;150140;Doña Juana
LINESTRING (-76.9447014 -12.2272809, -76.943949 -12.2268641);Calle;Calle Doña Julia;Perú;Lima;Lima;Villa El Salvador;150142;Doña Julia
LINESTRING (-76.9988752 -12.1376517, -76.9982395 -12.1377632, -76.9972029 -12.1379349);Calle;Calle Doña Luisa;Perú;Lima;Lima;Santiago de Surco;150140;Doña Luisa
LINESTRING (-76.9975789 -12.135277, -76.9972329 -12.1357411, -76.9966214 -12.1366419);Calle;Calle Doña Marcela;Perú;Lima;Lima;Santiago de Surco;150140;Doña Marcela
LINESTRING (-76.9989852 -12.1382994, -76.9973316 -12.1385826);Calle;Calle Doña Margarita;Perú;Lima;Lima;Santiago de Surco;150140;Doña Margarita
LINESTRING (-77.0003057 -12.1416402, -77.0001018 -12.1413622, -76.9998524 -12.1410947, -76.9993159 -12.1406306);Calle;Calle Doña María;Perú;Lima;Lima;Santiago de Surco;150140;Doña María
LINESTRING (-76.9987733 -12.1369948, -76.9979056 -12.1371417, -76.9970393 -12.137282, -76.9963392 -12.1374039);Calle;Calle Doña Mercedes;Perú;Lima;Lima;Santiago de Surco;150140;Doña Mercedes
LINESTRING (-76.9879407 -12.166892, -76.9879299 -12.1672643, -76.9879729 -12.1675082, -76.9879916 -12.1678805, -76.9879675 -12.1683315, -76.9879407 -12.1686645, -76.9879487 -12.1688113, -76.9879031 -12.1690761, -76.987903 -12.169263, -76.9879298 -12.1695147, -76.9879941 -12.169714, -76.9880904 -12.1699893, -76.9881527 -12.1701722, -76.9881936 -12.170298, -76.9882915 -12.1706592, -76.988321 -12.1709043, -76.9883197 -12.1711088, -76.9883599 -12.1713723, -76.9883841 -12.1714956, -76.9885638 -12.171742, -76.9887649 -12.1719125, -76.9889876 -12.1721642, -76.9892987 -12.1725103, -76.9894167 -12.1726414);Calle;Calle Doña Nelly;Perú;Lima;Lima;Santiago de Surco;150140;Doña Nelly
LINESTRING (-77.004496 -12.1420766, -77.0041017 -12.1414971);Calle;Calle Doña Nora;Perú;Lima;Lima;Santiago de Surco;150140;Doña Nora
LINESTRING (-76.9957582 -12.1422366, -76.9959275 -12.1421163, -76.9961266 -12.1419757, -76.9963469 -12.1418164, -76.9964549 -12.141743, -76.9965112 -12.1417023, -76.9969719 -12.1413949, -76.9970845 -12.1413162, -76.9973313 -12.1411464, -76.9979509 -12.1407223, -76.998435 -12.1403742, -76.9986516 -12.1402377, -76.9987844 -12.1401551, -76.9989299 -12.1400647, -76.9991451 -12.1399316, -76.9994127 -12.1397612, -76.9994844 -12.1397122);Calle;Calle Doña Rosa;Perú;Lima;Lima;Santiago de Surco;150140;Doña Rosa
LINESTRING (-76.9989865 -12.1399732, -76.9987237 -12.1395169, -76.998552 -12.1390869);Calle;Calle Doña Rosaura;Perú;Lima;Lima;Santiago de Surco;150140;Doña Rosaura
LINESTRING (-76.9998153 -12.1401518, -76.9995411 -12.1403917, -76.9991012 -12.1407306, -76.9985614 -12.1411272, -76.9982476 -12.1413331, -76.9973343 -12.1419506);Calle;Calle Doña Virginia;Perú;Lima;Lima;Santiago de Surco;150140;Doña Virginia
LINESTRING (-77.0812991 -12.027484, -77.0810014 -12.0268911);Calle;Calle Dora Mayer;Perú;Lima;Lima;San Martín de Porres;150135;Dora Mayer Loehts
LINESTRING (-77.117645 -12.0587065, -77.116556 -12.0584901);Calle;Calle Dora Mayer;Perú;Lima;Callao;Bellavista (Callao);70102;Dora Mayer Loehts
LINESTRING (-77.0737485 -11.9807298, -77.0733957 -11.98076, -77.0732268 -11.9807758, -77.0728459 -11.9808164, -77.0724637 -11.9808545);Calle;Calle Dora Mayer;Perú;Lima;Lima;Los Olivos;150117;Dora Mayer Loehts
LINESTRING (-77.0229811 -12.1579125, -77.0223334 -12.1576385, -77.0215032 -12.1573108, -77.0208528 -12.1570328, -77.0199824 -12.156654, -77.0193776 -12.1563852);Calle;Calle Elena Fray de Pastor;Perú;Lima;Lima;Chorrillos;150109;Elena Fray de Pastor
LINESTRING (-77.089389 -12.0213129, -77.08841 -12.0217983);Calle;Calle Elvira García y García;Perú;Lima;Lima;San Martín de Porres;150135;Elvira García y García Bert
LINESTRING (-77.0860664 -12.0231188, -77.0879667 -12.0221914, -77.0884308 -12.0219711, -77.0883718 -12.0218478, -77.086395 -12.0228105);Calle;Calle Elvira García y García;Perú;Lima;Lima;San Martín de Porres;150135;Elvira García y García Bert
LINESTRING (-77.0779769 -12.0513936, -77.0777837 -12.0514461, -77.0769308 -12.0517451, -77.0749138 -12.0524533, -77.0732562 -12.0530252, -77.0728699 -12.0530934, -77.0723979 -12.0531196, -77.0715932 -12.0530356, -77.0709709 -12.0529674, -77.0708905 -12.0528835, -77.0703111 -12.0528468, -77.0692865 -12.0527524, -77.0684939 -12.0526717, -77.0683048 -12.0526527, -77.0681265 -12.0526369, -77.0680996 -12.0527222, -77.068042 -12.052734, -77.0675927 -12.0526776, -77.0668953 -12.0525937);Calle;Calle Elvira García y García;Perú;Lima;Lima;Cercado de Lima;150101;Elvira García y García Bert
LINESTRING (-77.075004 -11.9803015, -77.0746902 -11.980312, -77.0742557 -11.9803513, -77.0739928 -11.9803671, -77.0737353 -11.9804064);Calle;Calle Elvira Rodriguez;Perú;Lima;Lima;Los Olivos;150117;María Elvira Rodríguez Lorente
LINESTRING (-76.9971263 -12.1122311, -76.9962466 -12.1121943, -76.9958067 -12.1121891, -76.9954795 -12.1121629);Calle;Calle Emily Car;Perú;Lima;Lima;Surquillo;150141;Emily Carr
LINESTRING (-77.0811514 -12.0836057, -77.0799256 -12.0842326, -77.0796467 -12.0843716);Calle;Calle Ermelinda Carrera;Perú;Lima;Lima;San Miguel;150136;Ermelinda Carrera y del Valle
LINESTRING (-76.9420506 -12.2172111, -76.9414618 -12.2168795, -76.9413089 -12.2167904, -76.9409039 -12.2165741, -76.9404426 -12.2163093);Calle;Calle Filomena Cabello;Perú;Lima;Lima;Villa El Salvador;150142;Filomena Cabello
LINESTRING (-77.0755616 -12.0240327, -77.0745102 -12.0244236, -77.0740998 -12.0245784, -77.0734869 -12.0248276, -77.0725964 -12.0251687, -77.0717609 -12.0254913, -77.0717086 -12.0255254);Calle;Calle Flora Tristán;Perú;Lima;Lima;San Martín de Porres;150135;Flora Celestina Teresa Enriqueta de Tristán y Moscoso
LINESTRING (-77.0767615 -12.0231957, -77.0757731 -12.0235748, -77.0755102 -12.0236889);Calle;Calle Flora Tristán;Perú;Lima;Lima;San Martín de Porres;150135;Flora Celestina Teresa Enriqueta de Tristán y Moscoso
LINESTRING (-77.0583042 -12.0965232, -77.0570596 -12.0939215, -77.0565875 -12.0928619, -77.0559116 -12.0915191);Calle;Calle Flora Tristán;Perú;Lima;Lima;Magdalena del Mar;150120;Flora Celestina Teresa Enriqueta de Tristán y Moscoso
LINESTRING (-77.0583042 -12.0965232, -77.0570596 -12.0939215, -77.0565875 -12.0928619, -77.0559116 -12.0915191);Calle;Calle Flora Tristán;Perú;Lima;Lima;San Isidro;150131;Flora Celestina Teresa Enriqueta de Tristán y Moscoso
LINESTRING (-76.930982 -12.195084, -76.9299627 -12.1945701, -76.928686 -12.1937731, -76.9275326 -12.1930915, -76.9262344 -12.1923836, -76.9251616 -12.191702, -76.9241584 -12.1911095, -76.9227368 -12.1902286, -76.9212294 -12.1893005, -76.9198669 -12.188472, -76.9183112 -12.1875334, -76.9179411 -12.1872765, -76.9171579 -12.1867993, -76.9166804 -12.1865162, -76.9164337 -12.1863274, -76.9163961 -12.1862068, -76.9164015 -12.1860075, -76.9164497 -12.1858607, -76.9164015 -12.1856405, -76.9162083 -12.1854412, -76.9155378 -12.1849431, -76.9144327 -12.1841094, -76.9134993 -12.1832704, -76.9131453 -12.1829401, -76.912979 -12.1827303, -76.9129521 -12.1826097, -76.9129414 -12.182358, -76.9129307 -12.1822007, -76.9128073 -12.1820015, -76.9125123 -12.1818337, -76.9122548 -12.1816763, -76.9120938 -12.1814981, -76.9120509 -12.181304, -76.9120295 -12.1810733, -76.9120617 -12.1808793, -76.9121689 -12.180743, -76.912244 -12.1806643, -76.9122548 -12.1805752, -76.9121797 -12.1805123, -76.9120885 -12.1805752, -76.9119651 -12.1807325, -76.9116969 -12.1811834, -76.9114716 -12.1815295, -76.9113375 -12.1818389, -76.9112516 -12.1819385, -76.9110317 -12.1819962, -76.9107957 -12.1818808);Calle;Calle Flora Tristán;Perú;Lima;Lima;Villa María del Triunfo;150143;Flora Celestina Teresa Enriqueta de Tristán y Moscoso
LINESTRING (-77.074638 -11.9201765, -77.0737904 -11.9200899);Calle;Calle Flora Tristán;Perú;Lima;Lima;Los Olivos;150117;Flora Celestina Teresa Enriqueta de Tristán y Moscoso
LINESTRING (-77.0401707 -11.894261, -77.0395645 -11.8939618, -77.0389852 -11.8934683);Calle;Calle Francisca Herrera;Perú;Lima;Lima;Carabayllo;150106;Francisca Herrera
LINESTRING (-77.077607 -12.0834688, -77.0771215 -12.082501, -77.0769606 -12.0820623, -77.0768292 -12.0816617);Calle;Calle Francisca Sánchez de Pagador;Perú;Lima;Lima;San Miguel;150136;Francisca Sánchez de Pagador
LINESTRING (-77.1012502 -12.0727575, -77.1009485 -12.072907, -77.1007701 -12.072949, -77.1005998 -12.0729608, -77.1003906 -12.0729162, -77.1001572 -12.0728454, -77.0999789 -12.0726854, -77.0998314 -12.0724559, -77.099606 -12.0717608, -77.099362 -12.0710067, -77.0990911 -12.0701346);Calle;Calle Francisca Zubiaga;Perú;Lima;Lima;San Miguel;150136;Francisca Zubiaga y Bernales
LINESTRING (-77.0069731 -12.1134708, -77.0063562 -12.1134236, -77.0058358 -12.1133869, -77.0055891 -12.1134629, -77.0053611 -12.1136544, -77.0051036 -12.113914, -77.0046718 -12.1143231, -77.0039261 -12.1150312);Calle;Calle Gabriela Mistral;Perú;Lima;Lima;Surquillo;150141;Lucila Godoy Alcayaga
LINESTRING (-77.0772596 -12.0814901, -77.077151 -12.0810534);Calle;Calle Gabriela Mistral;Perú;Lima;Lima;San Miguel;150136;Lucila Godoy Alcayaga
LINESTRING (-77.1164096 -11.8790415, -77.1157954 -11.8788997);Calle;Calle Hayde Meza;Perú;Lima;Lima;Ventanilla (Callao);70106;Hayde Meza
LINESTRING (-77.0903376 -12.079381, -77.0903457 -12.0801521, -77.0903671 -12.080771, -77.0903537 -12.081251);Calle;Calle Inés Huaylas Yupanqui;Perú;Lima;Lima;San Miguel;150136;Inés Huaylas Yupanqui
LINESTRING (-77.0743382 -12.0854977, -77.07396 -12.0856636);Calle;Calle Isabel de Mendaña;Perú;Lima;Lima;San Miguel;150136;Isabel Barreto de Castro
LINESTRING (-77.0874091 -12.0748832, -77.0867627 -12.0751271, -77.0862664 -12.0752871, -77.0857327 -12.0754261);Calle;Calle Josefina Ramos de Cox;Perú;Lima;Lima;San Miguel;150136;Josefina Ramos de Cox
LINESTRING (-77.0816785 -12.0815677, -77.0811635 -12.0817356, -77.0804125 -12.0820503);Calle;Calle Josefina Sánchez;Perú;Lima;Lima;San Miguel;150136;Josefina Sánchez
LINESTRING (-77.1139821 -12.05796, -77.1134792 -12.0578491, -77.1128381 -12.0577154, -77.1124921 -12.0576236, -77.1124767 -12.0576209);Calle;Calle Julia Smith de Carrillo;Perú;Lima;Callao;Bellavista (Callao);70102;Julia Isabel Smith de Carrillo
LINESTRING (-77.0836951 -12.0163526, -77.0833464 -12.0156587);Calle;Calle Juana Alarco;Perú;Lima;Lima;San Martín de Porres;150135;Juana Alarco Espinoza de Dammert
LINESTRING (-76.9982279 -12.0524315, -76.9980589 -12.0524827, -76.9978859 -12.0525129, -76.9977491 -12.0524879, -76.9976432 -12.0524683, -76.9974916 -12.0524748, -76.997375 -12.0525168, -76.9972449 -12.0525876, -76.9971081 -12.0526676, -76.9970102 -12.0527175);Calle;Calle Juana Alarco de Dammert;Perú;Lima;Lima;El Agustino;150111;Juana Alarco Espinoza de Dammert
LINESTRING (-76.9510498 -12.1790069, -76.949891 -12.1788444, -76.9496711 -12.1788024, -76.9491347 -12.1790069, -76.9488852 -12.1791184, -76.9486358 -12.1792114, -76.9482643 -12.1793353, -76.9480944 -12.1793943);Calle;Calle Juana Alarco de Dammert;Perú;Lima;Lima;Villa María del Triunfo;150143;Juana Alarco Espinoza de Dammert
LINESTRING (-76.9019577 -12.2227532, -76.9017914 -12.2230284, -76.9016788 -12.2230756, -76.9009385 -12.2232381, -76.9004637 -12.2234006, -76.9002626 -12.2234111, -76.8995571 -12.2234269, -76.8990127 -12.2234609, -76.8988034 -12.2234714, -76.8984306 -12.2233928, -76.8977788 -12.2232145, -76.897634 -12.2231804);Calle;Calle Juana Cardenas;Perú;Lima;Lima;Villa El Salvador;150142;Juana Cardenas
LINESTRING (-77.0863103 -12.0814978, -77.0861628 -12.0810965, -77.0860421 -12.0806611, -77.0859831 -12.0804198, -77.0858865 -12.0798428, -77.0858382 -12.0794704);Calle;Calle Juana de Dios Manrique de Luna;Perú;Lima;Lima;San Miguel;150136;Juana de Dios Manrique de Luna
LINESTRING (-77.077658 -12.0819345, -77.0769874 -12.0820709);Calle;Calle Juana García;Perú;Lima;Lima;San Miguel;150136;Juana García González 
LINESTRING (-77.0827043 -12.0807709, -77.0825648 -12.0800129, -77.0825139 -12.0796064, -77.0824414 -12.0790897);Calle;Calle Juana Riofrio;Perú;Lima;Lima;San Miguel;150136;Sor Juana Riofrio
LINESTRING (-77.0876334 -12.0831916, -77.0879418 -12.083905);Calle;Calle Juana Toribio Ara;Perú;Lima;Lima;San Miguel;150136;Juana Toribio Ara
LINESTRING (-77.0343094 -12.0987574, -77.0342007 -12.0988387, -77.0340908 -12.0989423, -77.0339567 -12.0990485, -77.0338628 -12.0991009, -77.0338158 -12.0991272, -77.0337461 -12.0991075, -77.0336549 -12.0990682, -77.0335114 -12.0990078, -77.0334403 -12.0989829, -77.033384 -12.0990013, -77.0332714 -12.0990446, -77.0331493 -12.0990931, -77.0331319 -12.099097);Calle;Calle La Mariscala;Perú;Lima;Lima;San Isidro;150131;Francisca Zubiaga y Bernales
LINESTRING (-77.0329156 -12.0934097, -77.0328298 -12.093289, -77.0325911 -12.0929717, -77.0323096 -12.0926238, -77.0321983 -12.0925121);Calle;Calle La Perricholi;Perú;Lima;Lima;San Isidro;150131;María Micaela Villegas y Hurtado de Mendoza 
LINESTRING (-77.0381327 -11.9814313, -77.0379396 -11.9813684, -77.0377491 -11.9813264, -77.0377109 -11.9813189, -77.0376687 -11.9813179, -77.0375895 -11.9813349, -77.0371939 -11.9814576, -77.0370028 -11.9815186);Calle;Calle Las Ñustas;Perú;Lima;Lima;Independencia;150112;
LINESTRING (-77.0854758 -12.0850694, -77.0852948 -12.0846682, -77.085111 -12.0842066, -77.0848804 -12.0835863, -77.0847328 -12.083101);Calle;Calle Laura Rodríguez Cuadra;Perú;Lima;Lima;San Miguel;150136;Laura Rodríguez Cuadra
LINESTRING (-77.0160347 -12.1187144, -77.0160025 -12.1195116, -77.0159703 -12.1204216, -77.0159561 -12.1214025, -77.0158985 -12.123128);Calle;Calle Lola Pardo Vargas;Perú;Lima;Lima;Miraflores;150121;Lola Pardo Vargas
LINESTRING (-77.1124934 -12.0621222, -77.1115948 -12.0605379, -77.1110825 -12.0597064, -77.1108304 -12.0592867, -77.1107526 -12.0591582, -77.1106802 -12.0591109, -77.1104603 -12.0590532);Calle;Calle Lola Vilar;Perú;Lima;Callao;Bellavista (Callao);70102;Lola Vilar
LINESTRING (-77.0594544 -12.0549541, -77.0602671 -12.0551141, -77.0607365 -12.0552033, -77.0624236 -12.0555233, -77.0631371 -12.0556623, -77.0639954 -12.055825, -77.0651139 -12.0560479, -77.0651474 -12.0560566, -77.0651796 -12.056064, -77.0652011 -12.0560702, -77.0652306 -12.0560767);Calle;Calle Luisa Beausejour;Perú;Lima;Lima;Cercado de Lima;150101;Luisa Beausejour
LINESTRING (-77.0830914 -12.0806779, -77.0830163 -12.0797074, -77.0829922 -12.0793612, -77.0829788 -12.0791671, -77.0829627 -12.0789835);Calle;Calle Luisa Dammert;Perú;Lima;Lima;San Miguel;150136;Luisa Dammert
LINESTRING (-76.9871876 -12.1449052, -76.9869703 -12.1451936, -76.9866806 -12.1455581, -76.9865143 -12.1457548, -76.9864097 -12.1458098, -76.9863212 -12.1458203);Calle;Calle Magda Portal;Perú;Lima;Lima;Santiago de Surco;150140;María Magdalena Julia del Portal Moreno
LINESTRING (-77.1183451 -12.0730415, -77.1168216 -12.0693904, -77.1166238 -12.0689809, -77.1163992 -12.0685766, -77.1159338 -12.067776);Calle;Calle Mama Ocllo;Perú;Lima;Callao;La Perla (Callao);70104;Mama Ocllo
LINESTRING (-76.9534285 -12.1727989, -76.9531764 -12.1721617, -76.9530476 -12.1716767, -76.9528518 -12.1711104);Calle;Calle Mama Ocllo;Perú;Lima;Lima;Villa María del Triunfo;150143;Mama Ocllo
LINESTRING (-77.0519728 -11.9267333, -77.0510528 -11.9272293, -77.05046 -11.9275442);Calle;Calle Mama Ocllo;Perú;Lima;Lima;Comas;150110;Mama Ocllo
LINESTRING (-76.9376277 -12.1902585, -76.9375607 -12.1901589, -76.937503 -12.1900356, -76.937389 -12.1899059, -76.9371007 -12.1897368, -76.9366876 -12.1894982, -76.9362692 -12.1892308, -76.9355946 -12.1887916, -76.9349254 -12.1883918, -76.9342226 -12.1879684, -76.9337358 -12.187659, -76.9330814 -12.1872225, -76.9327823 -12.1870455, -76.9320702 -12.1866011, -76.9319602 -12.1865356, -76.9317845 -12.1864504, -76.9314868 -12.1862656, -76.9312333 -12.1861174, -76.9311046 -12.1860204, -76.9306674 -12.1857648, -76.9301846 -12.1854712);Calle;Calle Mama Ocllo;Perú;Lima;Lima;Villa María del triunfo;150143;Mama Ocllo
LINESTRING (-76.9640883 -12.0324133, -76.9638201 -12.0330324, -76.9634231 -12.0339663, -76.9630744 -12.034811, -76.9625004 -12.0361384, -76.9624521 -12.0362748);Calle;Calle Mama Ocllo;Perú;Lima;Lima;Santa Anita;150137;Mama Ocllo
LINESTRING (-77.0688556 -12.0023953, -77.0686035 -12.0023534, -77.0684559 -12.0023665, -77.0683486 -12.0024373, -77.0681904 -12.0025606, -77.0680724 -12.0026446, -77.0680321 -12.0027784);Calle;Calle Mama Ocllo;Perú;Lima;Lima;Los Olivos;150117;Mama Ocllo
LINESTRING (-77.078859 -12.0828486, -77.0792761 -12.0826348, -77.0799252 -12.0822938);Calle;Calle Manuela Marticorena;Perú;Lima;Lima;San Miguel;150136;Manuela Maticorena
LINESTRING (-77.0044439 -12.0808709, -77.004865 -12.079848, -77.005203 -12.0789746);Calle;Calle Marcela Castro;Perú;Lima;Lima;San Luis;150134;Marcela Castro Puyucagua
LINESTRING (-77.080484 -12.0832704, -77.0802057 -12.0834137);Calle;Calle María Alvarado Rivera;Perú;Lima;Lima;San Miguel;150136;María Jesús Alvarado Rivera
LINESTRING (-77.0750122 -11.9218426, -77.0745295 -11.9218006, -77.0736202 -11.9217061);Calle;Calle María Bustamante de las Nieves;Perú;Lima;Lima;Los Olivos;150117;María Manuela Nieves y Bustamante
LINESTRING (-77.0090499 -12.0440838, -77.0087602 -12.043992, -77.0083472 -12.0438687, -77.0080656 -12.0437664, -77.0079475 -12.0437139, -77.0077705 -12.0435513, -77.0075586 -12.0432837);Calle;Calle María Delgado de Odría;Perú;Lima;Lima;El Agustino;150111;María Delgado Romero
LINESTRING (-76.9981788 -12.1192498, -76.9980186 -12.1192078, -76.9979696 -12.1191941, -76.9978677 -12.119141, -76.997747 -12.1190151, -76.9975867 -12.1187247, -76.997517 -12.1184323, -76.9974292 -12.1180205, -76.9974131 -12.1179523, -76.9971878 -12.1175301, -76.9968713 -12.1169571, -76.9964488 -12.1161245, -76.9959767 -12.1151981);Calle;Calle María Elena Moyano;Perú;Lima;Lima;Surquillo;150141;María Elena Moyano Delgado
LINESTRING (-77.0889752 -12.0844736, -77.0882228 -12.0829025);Calle;Calle María Egusquiza de Gálvez;Perú;Lima;Lima;San Miguel;150136;María Egusquiza de Gálvez
LINESTRING (-77.0830543 -12.079469, -77.0836363 -12.0794926, -77.0844705 -12.0794821, -77.0846582 -12.0794427, -77.0848728 -12.0794375, -77.0852483 -12.0794139, -77.0852644 -12.0794716, -77.0857687 -12.0794454, -77.0863802 -12.0794296);Calle;Calle María Escobar de Chávez;Perú;Lima;Lima;San Miguel;150136;María Escobar de Chávez
LINESTRING (-76.9985681 -12.1258074, -76.9974657 -12.126206);Calle;Calle María Isabel Granda Larco;Perú;Lima;Lima;Santiago de Surco;150140;María Isabel Granda Larco
LINESTRING (-77.0952549 -12.0171379, -77.0943939 -12.0166001, -77.0940264 -12.0163666);Calle;Calle María Parado de Bellido;Perú;Lima;Callao;Callao;70101;María Andrea Parado Jayo
LINESTRING (-77.0247632 -11.8886164, -77.024098 -11.8893224, -77.0239478 -11.889493);Calle;Calle María Parado de Bellido;Perú;Lima;Lima;Carabayllo;150106;María Andrea Parado Jayo
LINESTRING (-77.0020192 -11.8797311, -77.0017537 -11.879844, -77.0015901 -11.8799122, -77.0013701 -11.8800776, -77.0011153 -11.8801721, -77.0008203 -11.8801957, -77.0005869 -11.8801563, -76.9992458 -11.8802613, -76.9987442 -11.8803059, -76.9978082 -11.8803086, -76.996856 -11.8803401, -76.9955926 -11.8804004, -76.9944339 -11.8804713, -76.9942059 -11.8804792);Calle;Calle María Parado de Bellido;Perú;Lima;Lima;Carabayllo;150106;María Andrea Parado Jayo
LINESTRING (-77.0306837 -11.9028325, -77.031255 -11.9027354, -77.0316278 -11.9025176, -77.03188 -11.9022237, -77.0322582 -11.9016489, -77.0323708 -11.9014783, -77.032639 -11.9010977, -77.0331449 -11.9003301, -77.0336169 -11.8995742, -77.0347649 -11.8985349, -77.035001 -11.8983774);Calle;Calle María Parado de Bellido;Perú;Lima;Lima;Carabayllo;150106;María Andrea Parado Jayo
LINESTRING (-77.0333972 -11.909843, -77.0331719 -11.9097302, -77.0329412 -11.9095727, -77.0327373 -11.9090741, -77.0326435 -11.9089586, -77.0323592 -11.9087932, -77.0320641 -11.9086148, -77.0320132 -11.908536, -77.0320158 -11.9082342);Calle;Calle María Parado de Bellido;Perú;Lima;Lima;Comas;150110;María Andrea Parado Jayo
LINESTRING (-77.0718398 -11.9205042, -77.0716735 -11.9203152, -77.0713248 -11.9197746, -77.0707616 -11.9188718, -77.0700159 -11.9177171, -77.0695438 -11.916977, -77.0692112 -11.9164521, -77.0689698 -11.9159692, -77.0685621 -11.9151268, -77.0683905 -11.9147843, -77.068243 -11.9144864, -77.0679721 -11.9139274, -77.0677669 -11.9134931, -77.0673813 -11.9127588, -77.0671909 -11.9124176, -77.0667215 -11.9118665, -77.0665337 -11.9116644);Calle;Calle María Parado de Bellido;Perú;Lima;Lima;Comas;150110;María Andrea Parado Jayo
LINESTRING (-77.0224662 -11.9106624, -77.0214698 -11.9106584, -77.0214725 -11.91056, -77.0208663 -11.91056, -77.0204439 -11.91056, -77.0199865 -11.9106322, -77.0194903 -11.9106886, -77.0185609 -11.9108343);Calle;Calle María Parado de Bellido;Perú;Lima;Lima;Comas;150110;María Andrea Parado Jayo
LINESTRING (-77.0386023 -11.9169375, -77.0371807 -11.9176119, -77.0368588 -11.9177432);Calle;Calle María Parado de Bellido;Perú;Lima;Lima;Comas;150110;María Andrea Parado Jayo
LINESTRING (-77.0158763 -12.1561393, -77.0168901 -12.1560135, -77.016866 -12.1557565, -77.0179255 -12.1556438);Calle;Calle María Parado de Bellido;Perú;Lima;Lima;Chorrillos;150109;María Andrea Parado Jayo
LINESTRING (-76.9963607 -12.0504609, -76.9960321 -12.0504085, -76.9955788 -12.0503232, -76.9955399 -12.0503193);Calle;Calle María Parado de Bellido;Perú;Lima;Lima;El Agustino;150111;María Andrea Parado Jayo
LINESTRING (-76.9493614 -12.0663983, -76.9481196 -12.0657478, -76.9471513 -12.0652468, -76.946985 -12.0651288, -76.9458477 -12.0645727);Calle;Calle María Parado de Bellido;Perú;Lima;Lima;La Molina;150114;María Andrea Parado Jayo
LINESTRING (-77.060271 -12.0803954, -77.0596299 -12.0796518, -77.0589413 -12.0787889, -77.0588662 -12.0786952, -77.0586576 -12.0784401);Calle;Calle María Parado de Bellido;Perú;Lima;Lima;Pueblo Libre;150124;María Andrea Parado Jayo
LINESTRING (-76.9653973 -12.1754704, -76.9651908 -12.1754809, -76.9642037 -12.1754652, -76.9637906 -12.1754652, -76.9626373 -12.1755045);Calle;Calle María Parado de Bellido;Perú;Lima;Lima;San Juan de Miraflores;150133;María Andrea Parado Jayo
LINESTRING (-76.9229455 -12.1943961, -76.9218082 -12.1937119, -76.9205771 -12.1929621);Calle;Calle María Parado de Bellido;Perú;Lima;Lima;San Juan de Miraflores;150133;María Andrea Parado Jayo
LINESTRING (-77.066044 -12.026708, -77.0666864 -12.0261282, -77.0669278 -12.025921, -77.0671987 -12.0256783, -77.0673972 -12.0255196);Calle;Calle María Parado de Bellido;Perú;Lima;Lima;San Martín de Porres;150135;María Andrea Parado Jayo
LINESTRING (-77.0893714 -11.9984352, -77.0891944 -11.9993535, -77.0887009 -12.000361);Calle;Calle María Parado de Bellido;Perú;Lima;Lima;San Martín de Porres;150135;María Andrea Parado Jayo
LINESTRING (-76.9840933 -12.0403142, -76.9842207 -12.0407208, -76.9842757 -12.0408992, -76.9843011 -12.0410474, -76.9842904 -12.0412415, -76.9840403 -12.0417537, -76.9837412 -12.0422521, -76.9834784 -12.0426364, -76.9832906 -12.0429997, -76.9831994 -12.0432791, -76.9830975 -12.0436568, -76.9828856 -12.04415, -76.9825906 -12.0447546, -76.9823827 -12.0451874, -76.9822539 -12.0454379, -76.982034 -12.0456544, -76.981629 -12.0460085, -76.9812213 -12.0463613, -76.9808351 -12.0466577, -76.9806071 -12.0467548, -76.9804569 -12.046798, -76.9802785 -12.046823, -76.9800653 -12.0468243, -76.979781 -12.0467823, -76.9793344 -12.0466105, -76.9784479 -12.0462354, -76.9777304 -12.0459324, -76.976561 -12.0454288, -76.9757858 -12.0450982, -76.9751716 -12.0448176);Calle;Calle María Parado de Bellido;Perú;Lima;Lima;Santa Anita;150137;María Andrea Parado Jayo
LINESTRING (-77.1387767 -11.8790986, -77.1382831 -11.8790461, -77.137972 -11.8790041, -77.1373068 -11.8787678, -77.1365558 -11.8784004, -77.1359925 -11.8779647, -77.1349894 -11.87713);Calle;Calle María Parado de Bellido;Perú;Lima;Callao;Ventanilla (Callao);70106;María Andrea Parado Jayo
LINESTRING (-76.9581444 -12.156513, -76.9572995 -12.1555481);Calle;Calle María Parado de Bellido;Perú;Lima;Lima;Villa María del Triunfo;150143;María Andrea Parado Jayo
LINESTRING (-77.0070591 -11.9122998, -77.0070712 -11.911725, -77.0070685 -11.9113484, -77.0070578 -11.9106989, -77.0070591 -11.9104076, -77.0070725 -11.910027, -77.0070403 -11.9099706, -77.0070484 -11.9098092, -77.007039 -11.9095625);Calle;Calle María Parado de Bellido;Perú;Lima;Lima;Comas;150110;María Andrea Parado Jayo
LINESTRING (-77.0373589 -11.9291749, -77.037426 -11.9290148, -77.0374421 -11.9289151, -77.037316 -11.9287838, -77.0366321 -11.9281488);Calle;Calle María Parado de Bellido;Perú;Lima;Lima;Comas;150110;María Andrea Parado Jayo
LINESTRING (-77.032357 -12.1106373, -77.031555 -12.1106346, -77.0304875 -12.1105992);Calle;Calle María Parado de Bellido;Perú;Lima;Lima;Miraflores;150121;María Andrea Parado Jayo
LINESTRING (-76.9514929 -12.1430806, -76.950656 -12.1422835, -76.9501572 -12.1418325);Calle;Calle María Parado de Bellido;Perú;Lima;Lima;Villa María del Triunfo;150143;María Andrea Parado Jayo
LINESTRING (-76.9584206 -12.1750754, -76.9578788 -12.1752222, -76.9574476 -12.1753015, -76.9570165 -12.1753651, -76.9563258 -12.1755447);Calle;Calle María Parado de Bellido;Perú;Lima;Lima;San Juan de Miraflores;150133;María Andrea Parado Jayo
LINESTRING (-76.7728967 -12.3857258, -76.7730576 -12.3858856, -76.7731381 -12.3859747, -76.7731488 -12.3860166, -76.77313 -12.3860532, -76.773063 -12.3861423, -76.7722261 -12.3870278, -76.7715046 -12.3877561);Calle;Calle María Parado de Bellido;Perú;Lima;Lima;San Bartolo;150129;María Andrea Parado Jayo
LINESTRING (-77.0050146 -12.0498637, -77.0046981 -12.0501365, -77.0043012 -12.0503752, -77.0037647 -12.0506401, -77.0036199 -12.0507136);Calle;Calle María Parado de Bellido;Perú;Lima;Lima;El Agustino;150111;María Andrea Parado Jayo
LINESTRING (-77.061606 -12.0394836, -77.0605975 -12.0396357, -77.0593663 -12.0398089, -77.0592617 -12.039822);Calle;Calle María Parado de Bellido;Perú;Lima;Lima;Cercado de Lima;150101;María Andrea Parado Jayo
LINESTRING (-77.0544763 -11.9958131, -77.0543918 -11.9961043, -77.0542979 -11.9964323);Calle;Calle María Parado de Bellido;Perú;Lima;Lima;Independencia;150112;María Andrea Parado Jayo
LINESTRING (-76.9714268 -12.0427127, -76.9708863 -12.0424635, -76.9706409 -12.0423481, -76.9705888 -12.0423272);Calle;Calle María Parado de Bellido;Perú;Lima;Lima;Santa Anita;150137;María Andrea Parado Jayo
LINESTRING (-76.9752672 -12.0443612, -76.974598 -12.04407, -76.973969 -12.0438037, -76.9735009 -12.0435926, -76.9726614 -12.0432332, -76.9720123 -12.0429525);Calle;Calle María Parado de Bellido;Perú;Lima;Lima;Santa Anita;150137;María Andrea Parado Jayo
LINESTRING (-77.0259872 -12.0232917, -77.0254883 -12.0230595, -77.024874 -12.0227539);Calle;Calle María Parado de Bellido;Perú;Lima;Lima;Rímac;150128;María Andrea Parado Jayo
LINESTRING (-76.8279974 -12.1069273, -76.8276138 -12.1069456, -76.8272866 -12.1070217, -76.8270854 -12.1071318, -76.8267931 -12.1073416, -76.8262754 -12.1077245, -76.8259321 -12.1080077, -76.8253956 -12.1083487, -76.8243777 -12.1090509, -76.8237421 -12.10946, -76.8237179 -12.109599, -76.8233934 -12.1096331, -76.8229991 -12.1096934, -76.8226558 -12.1097747, -76.8221274 -12.1098455, -76.8214997 -12.1099399, -76.8208024 -12.1100789);Calle;Calle María Parado de Bellido;Perú;Lima;Lima;Cieneguilla;150107;María Andrea Parado Jayo
LINESTRING (-77.0228345 -11.8778951, -77.0226749 -11.877634, -77.0225864 -11.8774529, -77.0219212 -11.8762651);Calle;Calle María Parado de Bellido;Perú;Lima;Lima;Carabayllo;150106;María Andrea Parado Jayo
LINESTRING (-76.6957211 -11.9456025, -76.6955699 -11.9455221, -76.6954844 -11.9454336, -76.6953312 -11.9452884, -76.6950214 -11.9450119, -76.6948405 -11.9448525, -76.6947658 -11.9447875, -76.6947611 -11.9446901, -76.6947369 -11.9445146, -76.6947131 -11.9442575, -76.6946937 -11.9441056, -76.6946991 -11.9438537, -76.6947272 -11.9436818, -76.694746 -11.9436267, -76.6947822 -11.9433564, -76.6948372 -11.943115, -76.6948466 -11.9429693, -76.6948251 -11.9428539);Calle;Calle María Parado de Bellido;Perú;Lima;Lima;Lurigancho (Chosica);150118;María Andrea Parado Jayo
LINESTRING (-76.7131283 -11.9392859, -76.7129412 -11.9388792, -76.7128849 -11.9387499, -76.7126435 -11.9383491, -76.7123867 -11.9378642);Calle;Calle María Parado de Bellido;Perú;Lima;Lima;Lurigancho (Chosica);150118;María Andrea Parado Jayo
LINESTRING (-76.9963111 -12.1220479, -76.9963245 -12.1216257, -76.9963325 -12.1214762, -76.996295 -12.1213293, -76.9961421 -12.1208573, -76.9960482 -12.1205898);Calle;Calle Maria Reiche;Perú;Lima;Lima;Santiago de Surco;150140;María Reiche
LINESTRING (-76.956637 -12.1770208, -76.9563312 -12.1771099, -76.9550384 -12.1774377);Calle;Calle María Reiche;Perú;Lima;Lima;San Juan de Miraflores;150133;María Reiche
LINESTRING (-77.0536186 -11.8997683, -77.0514621 -11.9017787);Calle;Calle María Reiche;Perú;Lima;Lima;Comas;150110;María Reiche
LINESTRING (-77.0840522 -12.0416306, -77.0839791 -12.0424386, -77.0839576 -12.0426137, -77.0839375 -12.0429691);Calle;Calle María Regina;Perú;Lima;Callao;Carmen de La Legua (Callao);70103;María Regina
LINESTRING (-76.9481442 -12.1825878, -76.9482783 -12.1823755, -76.9484875 -12.1821369, -76.948855 -12.1817803, -76.949091 -12.1815181, -76.9491286 -12.1813949, -76.949555 -12.1812586, -76.9499305 -12.1811616, -76.9505206 -12.1812455);Calle;Calle María Santos Zamudio;Perú;Lima;Lima;Villa María del Triunfo;150143;María Santos Zamudio
LINESTRING (-77.0807703 -12.0837473, -77.080191 -12.0827297, -77.0799228 -12.0822051, -77.0798021 -12.0819087, -77.0797055 -12.0816176);Calle;Calle María Trinidad Enriquez;Perú;Lima;Lima;San Miguel;150136;María Trinidad Enríquez Ladrón de Guevara
LINESTRING (-77.0856436 -12.0839508, -77.0853083 -12.0840636, -77.0851045 -12.0841449, -77.0845841 -12.0842787, -77.0833503 -12.0845987, -77.083015 -12.0846695);Calle;Calle Mariana Echevarría;Perú;Lima;Lima;San Miguel;150136;Mariana Echevarría de Santiago y Ulloa
LINESTRING (-77.0392389 -11.8948984, -77.0387936 -11.8946753, -77.0384771 -11.8944286, -77.0378924 -11.8937278);Calle;Calle Mariana Mendigure;Perú;Lima;Lima;Carabayllo;150106;Mariana Mendigure
LINESTRING (-77.113693 -11.9892146, -77.1126631 -11.9893694, -77.1113086 -11.9895504, -77.1105575 -11.9896606);Calle;Calle Marie Curie;Perú;Lima;Callao;Callao;70101;Maria Salomea Skłodowska-Curie
LINESTRING (-76.9976248 -12.1171187, -76.9971977 -12.1170072, -76.9966713 -12.1173101);Calle;Calle Marie Curie;Perú;Lima;Lima;Surquillo;150141;Maria Salomea Skłodowska-Curie
LINESTRING (-76.9714139 -12.061897, -76.9708668 -12.0616741, -76.9701909 -12.0613882, -76.969633 -12.0611626, -76.9694613 -12.0611259, -76.9692011 -12.061139);Calle;Calle Marie Curie;Perú;Lima;Lima;Ate;150103;Maria Salomea Skłodowska-Curie
LINESTRING (-76.9720611 -12.0621289, -76.973665 -12.0628948, -76.9762829 -12.0640174, -76.9780209 -12.0647466, -76.9783803 -12.0648725, -76.978552 -12.0648515);Calle;Calle Marie Curie;Perú;Lima;Lima;Ate;150103;Maria Salomea Skłodowska-Curie
LINESTRING (-77.0894247 -12.0842704, -77.0892236 -12.0838822, -77.0890036 -12.0834049, -77.088663 -12.0827098);Calle;Calle Margarita Praxedes;Perú;Lima;Lima;San Miguel;150136;Margarita Práxedes Muñoz
LINESTRING (-76.9971076 -12.1127713, -76.9963566 -12.1127136, -76.9959381 -12.1126821);Calle;Calle Mary Cassat;Perú;Lima;Lima;Surquillo;150141;Mary Stevenson Cassatt
LINESTRING (-77.0400479 -11.968015, -77.0398776 -11.9681521, -77.0396161 -11.9683561, -77.0392828 -11.9686074, -77.0391675 -11.9687163, -77.0391139 -11.9687648);Calle;Calle Melchora Balandra;Perú;Lima;Lima;Independencia;150112;Melchora Balandra
LINESTRING (-77.0448068 -11.9439476, -77.0445279 -11.9440001, -77.0443991 -11.9439424, -77.0443294 -11.9437482, -77.0443025 -11.943512, -77.0442114 -11.9421842);Calle;Calle Melchorita;Perú;Lima;Lima;Comas;150110;Melchora Saravia Tasayco
LINESTRING (-76.9915251 -12.108422, -76.9918933 -12.1082247, -76.9919375 -12.1082083, -76.9923083 -12.108049, -76.992358 -12.1079736);Calle;Calle Melissa;Perú;Lima;Lima;San Borja;150130;Melissa
LINESTRING (-76.995758 -12.050321, -76.9958947 -12.0497059, -76.9959564 -12.0495695, -76.9960382 -12.0494593, -76.9963212 -12.0492652, -76.996509 -12.0491341, -76.9966216 -12.049096, -76.9966552 -12.049096);Calle;Calle Mercedes Cabello;Perú;Lima;Lima;El Agustino;150111;Juana Mercedes Cabello Llosa
LINESTRING (-76.9512793 -12.1772701, -76.9512323 -12.1770905, -76.951011 -12.1764665);Calle;Calle Mercedes Cabello;Perú;Lima;Lima;Villa María del Triunfo;150143;Juana Mercedes Cabello Llosa
LINESTRING (-77.0722329 -11.9811937, -77.0717876 -11.9812337, -77.0713243 -11.9812876, -77.0710748 -11.9812995, -77.0706926 -11.9813388, -77.0697002 -11.9814293, -77.0689532 -11.9815002, -77.0689312 -11.9814996);Calle;Calle Mercedes Indacochea;Perú;Lima;Lima;Los Olivos;150117;Mercedes Indacochea Lozano
LINESTRING (-76.9566048 -12.1766485, -76.9570715 -12.1765698, -76.957667 -12.1764178);Calle;Calle Mercedes Sosa;Perú;Lima;Lima;San Juan de Miraflores;150133;Marta Haydée Mercedes Sosa Girón
LINESTRING (-76.9821002 -12.0757286, -76.9820157 -12.075583, -76.9819373 -12.0754387, -76.9818461 -12.0752545, -76.9818172 -12.0751902);Calle;Calle Micaela Bastidas;Perú;Lima;Lima;Ate;150103;Micaela Bastidas Puyucahua
LINESTRING (-76.9961535 -12.0518619, -76.9962755 -12.0518488, -76.996409 -12.0518166, -76.9965069 -12.0517747, -76.99659 -12.0517183, -76.9967161 -12.0516199, -76.9967677 -12.0515681, -76.9968308 -12.0515097);Calle;Calle Micaela Bastidas;Perú;Lima;Lima;El Agustino;150111;Micaela Bastidas Puyucahua
LINESTRING (-77.1042374 -12.0776685, -77.1033201 -12.0780724, -77.102848 -12.078298, -77.1021614 -12.0786075, -77.1013943 -12.0789379, -77.0999888 -12.0795412, -77.098704 -12.0801103, -77.0981864 -12.0803333);Calle;Calle Micaela Bastidas;Perú;Lima;Lima;San Miguel;150136;Micaela Bastidas Puyucahua
LINESTRING (-76.959698 -12.1526206, -76.9601594 -12.1522745, -76.9604544 -12.152091, -76.9606797 -12.1517029, -76.9608728 -12.1512257, -76.9610123 -12.1507353, -76.961133 -12.1502424, -76.9612939 -12.1496236, -76.9614897 -12.1495029);Calle;Calle Micaela Bastidas;Perú;Lima;Lima;San Juan de Miraflores;150133;Micaela Bastidas Puyucahua
LINESTRING (-76.9538308 -12.1721827, -76.9527875 -12.1725839, -76.9516422 -12.1730086, -76.9507812 -12.1733547, -76.9506122 -12.1734019, -76.9495581 -12.1733573);Calle;Calle Micaela Bastidas;Perú;Lima;Lima;Villa María del Triunfo;150143;Micaela Bastidas Puyucahua
LINESTRING (-77.0207502 -11.8755759, -77.0203801 -11.8748015, -77.0202379 -11.8745364, -77.0200663 -11.8746414, -77.0198222 -11.8741086, -77.0198142 -11.8740823, -77.0200341 -11.8739826, -77.0192482 -11.8724261, -77.0188271 -11.8716097, -77.0185508 -11.8717436, -77.0183094 -11.8713289, -77.0178374 -11.8704653, -77.0176416 -11.870027, -77.0173331 -11.8695519, -77.0175598 -11.8693957, -77.0172231 -11.8689941);Calle;Calle Micaela Bastidas;Perú;Lima;Lima;Carabayllo;150106;Micaela Bastidas Puyucahua
LINESTRING (-77.0495298 -11.9316408, -77.0489076 -11.9319636);Calle;Calle Micaela Bastidas;Perú;Lima;Lima;Comas;150110;Micaela Bastidas Puyucahua
LINESTRING (-77.0950054 -12.0175918, -77.0943376 -12.0171694, -77.0937743 -12.0168021);Calle;Calle Micaela Bastidas;Perú;Lima;Callao;Callao;70101;Micaela Bastidas Puyucahua
LINESTRING (-77.1376984 -11.8804847, -77.1374677 -11.880301, -77.1373068 -11.8801435, -77.1372209 -11.8800228, -77.1370761 -11.8798915, -77.1365397 -11.8796815, -77.1360193 -11.879566, -77.1355955 -11.8796107, -77.1351476 -11.8797183);Calle;Calle Micaela Bastidas;Perú;Lima;Callao;Ventanilla (Callao);70106;Micaela Bastidas Puyucahua
LINESTRING (-77.0001079 -11.8796795, -77.0000972 -11.8792766, -77.0000757 -11.8786624, -77.000006 -11.8785286, -76.9998464 -11.8782608, -76.9997606 -11.8781362, -76.9998383 -11.8780062);Calle;Calle Micaela Bastidas;Perú;Lima;Lima;Carabayllo;150106;Micaela Bastidas Puyucahua
LINESTRING (-77.0167582 -11.8922306, -77.0172758 -11.8923041, -77.0174663 -11.8923434, -77.0176647 -11.8924642, -77.0179491 -11.8925482, -77.0180966 -11.8925691, -77.0183407 -11.8924642, -77.018743 -11.8920941, -77.018971 -11.8918657, -77.0192767 -11.8915377, -77.0194001 -11.8913776, -77.0195262 -11.8913119, -77.0196362 -11.8912883, -77.0197542 -11.8912621, -77.0198186 -11.8912306, -77.0198481 -11.891144, -77.0199071 -11.8909786, -77.0199339 -11.8908894, -77.0200251 -11.890808, -77.0200734 -11.8907293, -77.0200465 -11.8906243, -77.0199124 -11.8903933, -77.0198266 -11.8902857, -77.0195825 -11.8902096, -77.0194162 -11.8901046, -77.0193518 -11.8899996, -77.0193197 -11.8898579, -77.0192499 -11.8895744, -77.019341 -11.8893384, -77.0193944 -11.8891076, -77.0196623 -11.8889557, -77.0199062 -11.8889283, -77.0201501 -11.8888431, -77.0203672 -11.8888682, -77.0206111 -11.8888513, -77.0208442 -11.8885629, -77.0210021 -11.8882746, -77.0211493 -11.8878707, -77.021196 -11.8876792, -77.0212106 -11.8875088);Calle;Calle Micaela Bastidas;Perú;Lima;Lima;Carabayllo;150106;Micaela Bastidas Puyucahua
LINESTRING (-77.0307491 -11.895827, -77.0313338 -11.8955698, -77.0317012 -11.895394, -77.032125 -11.8951131);Calle;Calle Micaela Bastidas;Perú;Lima;Lima;Carabayllo;150106;Micaela Bastidas Puyucahua
LINESTRING (-77.0942276 -11.9281128, -77.0941954 -11.9280131, -77.0942061 -11.9278872, -77.0943027 -11.9278504, -77.0944314 -11.9277769, -77.0945656 -11.927693, -77.0948338 -11.9275985, -77.0950001 -11.9275827, -77.0952468 -11.9276247, -77.0955902 -11.9277087, -77.0958262 -11.9277979, -77.0959925 -11.9277769, -77.0961212 -11.9277612, -77.0963251 -11.9278294, -77.0964592 -11.9280761, -77.0966255 -11.9281706, -77.096942 -11.9282283, -77.0971297 -11.9283018, -77.097237 -11.9283648, -77.097398 -11.9285642, -77.097575 -11.9286639, -77.0977574 -11.9287059);Calle;Calle Micaela Bastidas;Perú;Lima;Lima;Puente Piedra;150125;Micaela Bastidas Puyucahua
LINESTRING (-77.0094644 -11.9104594, -77.0091827 -11.9104752, -77.0088662 -11.9104673, -77.0085524 -11.9104778, -77.0082386 -11.9104857, -77.0081286 -11.9104542, -77.0077531 -11.9104673, -77.0070986 -11.9104778);Calle;Calle Micaela Bastidas;Perú;Lima;Lima;Comas;150110;Micaela Bastidas Puyucahua
LINESTRING (-77.1328339 -12.0245952, -77.1327346 -12.0243276, -77.1325268 -12.0237964, -77.132449 -12.0236272);Calle;Calle Micaela Bastidas;Perú;Lima;Callao;Callao;70101;Micaela Bastidas Puyucahua
LINESTRING (-77.1178974 -12.0530836, -77.1168742 -12.0530062, -77.1156538 -12.0529091, -77.1153842 -12.0528908);Calle;Calle Micaela Bastidas;Perú;Lima;Callao;Callao;70101;Micaela Bastidas Puyucahua
LINESTRING (-77.0056406 -12.1859496, -77.0052812 -12.1861541, -77.0050988 -12.1862695, -77.0048038 -12.1863429, -77.0038489 -12.1861489);Calle;Calle Micaela Bastidas;Perú;Lima;Lima;Chorrillos;150109;Micaela Bastidas Puyucahua
LINESTRING (-76.9962035 -12.1882293, -76.9952379 -12.1882503, -76.9938324 -12.1883342);Calle;Calle Micaela Bastidas;Perú;Lima;Lima;Chorrillos;150109;Micaela Bastidas Puyucahua
LINESTRING (-76.9881337 -12.1931335, -76.9879862 -12.1929107, -76.9876697 -12.1924388, -76.9872915 -12.191883, -76.9869857 -12.1914766, -76.9867014 -12.1910912, -76.9867685 -12.1910178, -76.9862642 -12.1901736);Calle;Calle Micaela Bastidas;Perú;Lima;Lima;Chorrillos;150109;Micaela Bastidas Puyucahua
LINESTRING (-76.9783033 -12.1951617, -76.9794513 -12.1940343, -76.9801755 -12.1933527, -76.9812699 -12.1922778, -76.9825949 -12.1910089, -76.9842203 -12.1894201);Calle;Calle Micaela Bastidas;Perú;Lima;Lima;Chorrillos;150109;Micaela Bastidas Puyucahua
LINESTRING (-77.0365958 -11.9302531, -77.0364081 -11.930379, -77.0361345 -11.9305312, -77.0358931 -11.9306467, -77.0357697 -11.9305417, -77.0356195 -11.9303528, -77.0355712 -11.9301848, -77.035641 -11.9300799, -77.0358019 -11.9299801, -77.0358877 -11.9299067, -77.0359038 -11.9297597, -77.035877 -11.9296442, -77.0359575 -11.929408, -77.0359682 -11.9293556, -77.0357482 -11.9291824, -77.0354747 -11.9290039, -77.0352601 -11.9289304, -77.0350455 -11.9289619, -77.0346593 -11.9290092, -77.0343374 -11.9290826, -77.0338439 -11.9292033);Calle;Calle Micaela Bastidas;Perú;Lima;Lima;Comas;150110;Micaela Bastidas Puyucahua
LINESTRING (-77.0617016 -12.0401856, -77.0620664 -12.0402144, -77.0624888 -12.0402433);Calle;Calle Micaela Bastidas;Perú;Lima;Lima;Cercado de Lima;150101;Micaela Bastidas Puyucahua
LINESTRING (-76.7718037 -12.3884533, -76.7720237 -12.3882463, -76.7723563 -12.3878743, -76.7728578 -12.387256, -76.773354 -12.3866902);Calle;Calle Micaela Bastidas;Perú;Lima;Lima;San Bartolo;150129;Micaela Bastidas Puyucahua
LINESTRING (-76.958308 -12.1745929, -76.9576106 -12.1747345, -76.9562319 -12.1750753);Calle;Calle Micaela Bastidas;Perú;Lima;Lima;San Juan de Miraflores;150133;Micaela Bastidas Puyucahua
LINESTRING (-77.0857453 -12.0441143, -77.0861637 -12.0441405, -77.086668 -12.0441798, -77.0871159 -12.0442244, -77.0872795 -12.0442349);Calle;Calle Micaela Bastidas;Perú;Lima;Callao;Carmen de la Legua (Callao);70103;Micaela Bastidas Puyucahua
LINESTRING (-77.0367732 -11.961597, -77.0369784 -11.961599, -77.0372674 -11.9616121, -77.0376912 -11.9616233, -77.037824 -11.9616357, -77.0379031 -11.9616377, -77.0379816 -11.9616259, -77.038052 -11.9616016, -77.0381727 -11.9615045, -77.0383175 -11.9613897, -77.0383356 -11.9613779, -77.0385622 -11.9613025, -77.0387547 -11.961227, -77.0390658 -11.9611018, -77.0391885 -11.9610414, -77.0394916 -11.9609082, -77.0396821 -11.9607869, -77.0399932 -11.9605665, -77.0402158 -11.9604189, -77.0403996 -11.9602916, -77.0405169 -11.9601591, -77.0405578 -11.9600436, -77.0405531 -11.9599734);Calle;Calle Micaela Bastidas;Perú;Lima;Lima;Independencia;150112;Micaela Bastidas Puyucahua
LINESTRING (-77.0232543 -12.0954691, -77.0229445 -12.0955019, -77.0226132 -12.0955268, -77.0224107 -12.0955334);Calle;Calle Micaela Bastidas;Perú;Lima;Lima;San Isidro;150131;Micaela Bastidas Puyucahua
LINESTRING (-77.0440285 -11.9781736, -77.0440439 -11.9780775, -77.0440506 -11.9780647, -77.0440788 -11.9780359, -77.0441173 -11.9780021, -77.0441793 -11.977968, -77.0442722 -11.9779109, -77.0443255 -11.9778742, -77.0444197 -11.9778073, -77.0444828 -11.9777627, -77.0446393 -11.9776561, -77.0448532 -11.977517, -77.0449243 -11.9774695, -77.0449749 -11.9774517, -77.0450041 -11.9774498, -77.045034 -11.9774619, -77.0451952 -11.977538, -77.0452713 -11.977576, -77.0453431 -11.9775882, -77.0454313 -11.9775833, -77.0454815 -11.9775514, -77.0455312 -11.9774941, -77.0456214 -11.9774281, -77.0457129 -11.9773757, -77.0458068 -11.9773235, -77.0458839 -11.977292, -77.0459627 -11.9772828, -77.0461182 -11.9773002, -77.0463187 -11.9773363);Calle;Calle Micaela Bastidas;Perú;Lima;Lima;Independencia;150112;Micaela Bastidas Puyucahua
LINESTRING (-76.9740606 -12.0448194, -76.9742149 -12.0443984, -76.9743248 -12.0441269, -76.9744455 -12.0438554, -76.9746132 -12.0435393, -76.9746936 -12.0434042, -76.974927 -12.0431891, -76.9751027 -12.0430645, -76.9756351 -12.0427169, -76.9760294 -12.042469);Calle;Calle Micaela Bastidas;Perú;Lima;Lima;Santa Anita;150137;Micaela Bastidas Puyucahua
LINESTRING (-76.8281957 -12.1077778, -76.8274689 -12.1084465, -76.8270182 -12.1087586, -76.8261143 -12.1094352, -76.825991 -12.109527, -76.8256154 -12.1096476, -76.8253714 -12.1093487);Calle;Calle Micaela Bastidas;Perú;Lima;Lima;Cieneguilla;150107;Micaela Bastidas Puyucahua
LINESTRING (-77.0262762 -11.8824083, -77.0261032 -11.8821144, -77.0258739 -11.8816891, -77.0256646 -11.8813453, -77.0254756 -11.8810802, -77.0252342 -11.880882, -77.0248332 -11.8806642, -77.0244939 -11.8804988, -77.0240178 -11.8802731, -77.023425 -11.8799949, -77.0232413 -11.8798768, -77.0229838 -11.8796366, -77.0223964 -11.879088, -77.022273 -11.8789476, -77.0220423 -11.8785617, -77.021876 -11.878298, -77.0215676 -11.8778767, -77.0212926 -11.8774659, -77.0209547 -11.8768399, -77.0206999 -11.8763031, -77.0207562 -11.876248, -77.0205121 -11.875765);Calle;Calle Micaela Bastidas;Perú;Lima;Lima;Carabayllo;150106;Micaela Bastidas Puyucahua
LINESTRING (-76.7497406 -11.9758428, -76.7495945 -11.9757155, -76.7490889 -11.9754938);Calle;Calle Micaela Bastidas;Perú;Lima;Lima;Chaclacayo;150108;Dedicada a Micaela Bastidas Puyucahua
LINESTRING (-76.9866266 -12.1538496, -76.9864241 -12.1536123, -76.9862538 -12.1534077, -76.9861438 -12.1532819, -76.9860137 -12.1531298, -76.9859909 -12.1531049, -76.9858823 -12.1529463, -76.9857693 -12.1527797, -76.9857227 -12.1527142, -76.985712 -12.1526932, -76.985712 -12.1526775, -76.9857214 -12.1526618, -76.9857308 -12.1526473, -76.9857321 -12.152625, -76.985712 -12.1526014, -76.9856865 -12.15257, -76.9855202 -12.1523825);Calle;Calle Micaela Bastidas Puyucaw;Perú;Lima;Lima;Santiago de Surco;150140;Micaela Bastidas Puyucahua
LINESTRING (-76.9971319 -12.0522087, -76.996912 -12.0520434, -76.9968784 -12.0520185, -76.996857 -12.0520119, -76.9968248 -12.0520119, -76.996806 -12.0520237, -76.9967658 -12.052046, -76.9966049 -12.0521155, -76.9964748 -12.0521706, -76.9964238 -12.0521811, -76.9963608 -12.0521877, -76.9961945 -12.0521955, -76.9960336 -12.0522008, -76.9959812 -12.0521916, -76.9959424 -12.0521516, -76.9958746 -12.0521024, -76.995815 -12.052065, -76.9957694 -12.0520696, -76.9957559 -12.0520886, -76.9957526 -12.0521241, -76.995774 -12.0521778, -76.9958082 -12.0522303, -76.9958424 -12.0522526, -76.9958699 -12.0522585, -76.9959102 -12.0522565, -76.9959605 -12.0522441, -76.9960007 -12.0522244, -76.9960114 -12.052225, -76.996004 -12.0523162, -76.9960134 -12.0524139, -76.9960362 -12.0525608);Calle;Calle Micaela Villegas;Perú;Lima;Lima;El Agustino;150111;María Micaela Villegas y Hurtado de Mendoza
LINESTRING (-77.0597079 -11.8758383, -77.0596462 -11.8757595, -77.0595228 -11.8757372, -77.0594048 -11.8757031, -77.0593699 -11.8756624, -77.059378 -11.875606, -77.0594585 -11.8755272, -77.0598635 -11.8751256, -77.0602564 -11.8747096, -77.0606145 -11.8743211);Calle;Calle Nila Reyes;Perú;Lima;Lima;Puente Piedra;150125;Nila Reyes
LINESTRING (-77.0608488 -12.0708349, -77.0605484 -12.0708506, -77.0604626 -12.0708008, -77.0604706 -12.0707221, -77.0605082 -12.0706644, -77.0614899 -12.0706355);Calle;Calle Parque Justa Dorregaray;Perú;Lima;Lima;Pueblo Libre;150124;Justa Dorregaray Cueva
LINESTRING (-77.0732203 -12.0525071, -77.072991 -12.0525832, -77.0727617 -12.0526488, -77.0725391 -12.0526671, -77.0715869 -12.0525701);Calle;Calle Petronila Álvarez;Perú;Lima;Lima;Cercado de Lima;150101;Petronila Álvarez
LINESTRING (-77.0815672 -12.0809874, -77.0817871 -12.0820182);Calle;Calle Petronila Alvarez;Perú;Lima;Lima;San Miguel;150136;Petronila Álvarez
LINESTRING (-77.0838392 -12.0406085, -77.0837668 -12.0412479, -77.0837319 -12.0413135, -77.0837125 -12.0415581, -77.0836629 -12.0420913, -77.0836233 -12.0425372, -77.0835911 -12.0429714, -77.0835563 -12.0432848, -77.083516 -12.0438665, -77.0835127 -12.0439308);Calle;Calle Pilar Lara;Perú;Lima;Callao;Carmen de La Legua (Callao);70103;Pilar Lara
LINESTRING (-77.083885 -12.0395122, -77.0838247 -12.0402343);Calle;Calle Pilar Lara;Perú;Lima;Callao;Carmen de La Legua (Callao);70103;Pilar Lara
LINESTRING (-76.9920104 -12.171894, -76.9914988 -12.1718403, -76.9911514 -12.1718075, -76.9909824 -12.1718114, -76.9906586 -12.1718652, -76.9904017 -12.1719373, -76.9900323 -12.1721162, -76.9899008 -12.1722211, -76.9897097 -12.1724066, -76.9895475 -12.1725633, -76.9893423 -12.172754, -76.9892745 -12.1728183);Calle;Calle Rosa Mercedes;Perú;Lima;Lima;Santiago de Surco;150140;Rosa Mercedes Ayarza
LINESTRING (-77.0905924 -12.0004996, -77.0896 -11.9997571);Calle;Calle Rosa Merino;Perú;Lima;Lima;San Martín de Porres;150135;Rosa Merino
LINESTRING (-77.1030555 -12.0767774, -77.1026143 -12.0769925, -77.1022871 -12.077159, -77.1013926 -12.077601);Calle;Calle Rosa Merino;Perú;Lima;Lima;San Miguel;150136;Rosa Merino
LINESTRING (-76.9846621 -12.1531656, -76.984705 -12.1532338, -76.9847855 -12.1533531, -76.984849 -12.1534295, -76.9849045 -12.1535058, -76.9850289 -12.153656, -76.9852589 -12.1539588, -76.9853622 -12.1540977, -76.9853555 -12.1541541, -76.9853582 -12.1541777, -76.9853823 -12.1542131, -76.9854641 -12.1543193, -76.9855593 -12.1544426, -76.985625 -12.154533);Calle;Calle Rosa Merino;Perú;Lima;Lima;Santiago de Surco;150140;Rosa Merino
LINESTRING (-76.9509176 -12.1794547, -76.9497535 -12.1792869, -76.949032 -12.1795176);Calle;Calle Rosa Merino;Perú;Lima;Lima;Villa María del Triunfo;150143;Rosa Merino
LINESTRING (-76.9847562 -12.15287, -76.9846664 -12.152735, -76.9846194 -12.152672, -76.9845483 -12.1526117, -76.984496 -12.1525698, -76.9844639 -12.1525396, -76.9844437 -12.1525055, -76.9844223 -12.1524649, -76.9844183 -12.1524256, -76.984425 -12.1523889, -76.9844344 -12.1523639, -76.9844102 -12.1523141, -76.98437 -12.152246, -76.9843163 -12.1521647, -76.9842841 -12.1521371, -76.9841487 -12.1521253);Calle;Calle Rosa Merino;Perú;Lima;Lima;Santiago de Surco;150140;Rosa Merino
LINESTRING (-77.0041284 -12.0797926, -77.004288 -12.0793507, -77.0044419 -12.0789841, -77.0043185 -12.0789074, -77.0044932 -12.0785153, -77.0044953 -12.0784081, -77.0045349 -12.0782851, -77.0045981 -12.0780445);Calle;Calle Rosa Noguera;Perú;Lima;Lima;San Luis;150134;Carmen Rosa Noguera Valenzuela
LINESTRING (-77.1138325 -11.9908754, -77.1136716 -11.9904084, -77.1130788 -11.9891385, -77.1128088 -11.98838);Calle;Calle Rosa Parks;Perú;Lima;Callao;Callao;70101;Rosa Louise McCauley Parks
LINESTRING (-77.0843728 -12.0817344, -77.084242 -12.0811639, -77.0841541 -12.0806774, -77.0840971 -12.080183, -77.0840704 -12.0797738, -77.0840596 -12.079543);Calle;Calle Rosa Pérez Liendo;Perú;Lima;Lima;San Miguel;150136;Rosa Pérez Pérez Liendo
LINESTRING (-77.0652467 -12.0756017, -77.0652641 -12.0757748, -77.0652721 -12.0759518, -77.0652614 -12.0763059, -77.0652235 -12.0763244, -77.0651749 -12.0763324, -77.0650723 -12.076338, -77.0648805 -12.0763386, -77.0647384 -12.0763452, -77.064678 -12.0763493, -77.0646264 -12.0763521, -77.0645486 -12.0763498, -77.0644108 -12.0763488, -77.0642837 -12.0763492, -77.064057 -12.0763488, -77.0640738 -12.0766311, -77.0640356 -12.0766337, -77.0634576 -12.0766744, -77.062893 -12.0766941, -77.0625819 -12.0767046);Calle;Calle Rosa Toledo;Perú;Lima;Lima;Pueblo Libre;150124;Rosa Toledo
LINESTRING (-77.0446935 -11.8915983, -77.0431834 -11.8924382);Calle;Calle Rosa Túpac Amaru;Perú;Lima;Lima;Carabayllo;150106;Rosa Túpac Amaru
LINESTRING (-77.0890367 -12.0824536, -77.0881838 -12.082889, -77.087241 -12.0833244);Calle;Calle Rosalia Lavalle de Morales;Perú;Lima;Lima;San Miguel;150136;Rosalia Lavalle de Morales
LINESTRING (-77.0202991 -11.8954622, -77.0198324 -11.8945777, -77.0196795 -11.8942863, -77.0193979 -11.8938953, -77.0191377 -11.8935567, -77.018907 -11.8932942, -77.0185396 -11.8927772, -77.0183384 -11.8924963);Calle;Calle Rosa de América;Perú;Lima;Lima;Carabayllo;150106;Isabel Flores de Oliva
LINESTRING (-77.0782681 -12.0632588, -77.0773722 -12.0630909, -77.0763744 -12.0629545, -77.0753606 -12.0628024, -77.0748778 -12.0627185, -77.0740463 -12.0627237, -77.073247 -12.0627342, -77.0717825 -12.0629335, -77.0711924 -12.0630437, -77.0706882 -12.0633532);Calle;Calle Santa Mariana de Paredes;Perú;Lima;Lima;Cercado de Lima;150101;Mariana de Paredes Flores Granobles y Jaramillo
LINESTRING (-77.0840922 -11.9864832, -77.0832178 -11.9866879, -77.0823434 -11.9868978, -77.0813456 -11.9871497, -77.0806107 -11.9873386);Calle;Calle Santa Rosa;Perú;Lima;Lima;Los Olivos;150117;Isabel Flores de Oliva
LINESTRING (-76.9930095 -12.0136792, -76.9919661 -12.0141987, -76.9916844 -12.0143561);Calle;Calle Santa Rosa;Perú;Lima;Lima;San Juan de Lurigancho;150132;Isabel Flores de Oliva
LINESTRING (-77.0219198 -11.8987048, -77.0217133 -11.8983242, -77.0216248 -11.8981011, -77.0213914 -11.8976707, -77.0211393 -11.8971668, -77.0208845 -11.8966471, -77.0204688 -11.8958309, -77.0203239 -11.8955238);Calle;Calle Santa Rosa;Perú;Lima;Lima;Carabayllo;150106;Isabel Flores de Oliva
LINESTRING (-77.0485641 -11.9435592, -77.0481269 -11.9436458, -77.0473518 -11.9437088, -77.0449244 -11.9439424);Calle;Calle Santa Rosa;Perú;Lima;Lima;Comas;150110;Isabel Flores de Oliva
LINESTRING (-77.0490087 -11.9514748, -77.0484762 -11.9509487);Calle;Calle Santa Rosa;Perú;Lima;Lima;Comas;150110;Isabel Flores de Oliva
LINESTRING (-77.1324531 -12.0231316, -77.1322211 -12.02262);Calle;Calle Santa Rosa;Perú;Lima;Callao;Callao;70101;Isabel Flores de Oliva
LINESTRING (-77.0078447 -12.1120311, -77.0079091 -12.1114069, -77.0079788 -12.110316, -77.0080325 -12.1095764, -77.0080647 -12.1093299, -77.0081129 -12.109183, -77.0082095 -12.1091306, -77.0084348 -12.1091201);Calle;Calle Santa Rosa;Perú;Lima;Lima;San Borja;150130;Isabel Flores de Oliva
LINESTRING (-76.9793581 -12.1895519, -76.9788485 -12.1895205, -76.9781833 -12.189468, -76.9780974 -12.1894208, -76.9772016 -12.1892373, -76.9763272 -12.1890695, -76.9759785 -12.1890066);Calle;Calle Santa Rosa;Perú;Lima;Lima;San Juan de Miraflores;150133;Isabel Flores de Oliva
LINESTRING (-76.9498698 -12.169609, -76.9484643 -12.168597, -76.9480244 -12.1682981, -76.9472841 -12.1678051, -76.9464527 -12.1672545, -76.9452939 -12.166447, -76.9438321 -12.1654585, -76.9432072 -12.1650495);Calle;Calle Santa Rosa;Perú;Lima;Lima;Villa María del Triunfo;150143;Isabel Flores de Oliva
LINESTRING (-77.0995441 -12.0333132, -77.099233 -12.033161, -77.0990667 -12.033043, -77.0988575 -12.0328462, -77.0984283 -12.0323819);Calle;Calle Santa Rosa;Perú;Lima;Callao;Callao;70101;Isabel Flores de Oliva
LINESTRING (-77.0236673 -12.1787097, -77.0235574 -12.1789102, -77.0234206 -12.1791344, -77.0233401 -12.1792563, -77.0231899 -12.1793428, -77.0228519 -12.179491, -77.0226762 -12.1795631, -77.0223289 -12.179626);Calle;Calle Santa Rosa;Perú;Lima;Lima;Chorrillos;150109;Isabel Flores de Oliva
LINESTRING (-77.005452 -12.1881711, -77.0052696 -12.1879666, -77.0049745 -12.1875838, -77.0047171 -12.1871906, -77.0045347 -12.1870071);Calle;Calle Santa Rosa;Perú;Lima;Lima;Chorrillos;150109;Isabel Flores de Oliva
LINESTRING (-77.0772838 -11.9800902, -77.0766669 -11.9801663, -77.0752587 -11.9802949, -77.0750415 -11.980308);Calle;Calle Santa Rosa;Perú;Lima;Lima;Los Olivos;150117;Isabel Flores de Oliva
LINESTRING (-76.9708125 -12.0575287, -76.9706288 -12.0579523, -76.9705349 -12.0582211, -76.9702345 -12.0589254, -76.9700722 -12.0593071, -76.9699676 -12.0595156, -76.9698925 -12.0597399, -76.9697973 -12.0600494, -76.9696645 -12.0605674, -76.9695612 -12.0609976, -76.9695344 -12.0611078);Calle;Calle Santa Rosa;Perú;Lima;Lima;Ate;150103;Isabel Flores de Oliva
LINESTRING (-77.1493832 -11.7295039, -77.1488227 -11.7300541, -77.1480716 -11.7307973);Calle;Calle Santa Rosa;Perú;Lima;Lima;Ancón;150102;Isabel Flores de Oliva
LINESTRING (-77.1086912 -12.0799984, -77.1084257 -12.0795368, -77.1079858 -12.0788129, -77.1072321 -12.0775907);Calle;Calle Santa Rosa;Perú;Lima;Lima;San Miguel;150136;Isabel Flores de Oliva
LINESTRING (-77.1339772 -12.0225426, -77.133835 -12.0221911, -77.133607 -12.0216205);Calle;Calle Sarita Colonia;Perú;Lima;Callao;Callao;70101;Sara Colonia Zambrano
LINESTRING (-77.1218758 -12.0571642, -77.1229473 -12.0572678);Calle;Calle Sarita Colonia;Perú;Lima;Callao;Callao;70101;Sara Colonia Zambrano
LINESTRING (-77.1098543 -11.9741003, -77.108984 -11.974915);Calle;Calle Sarita Colonia;Perú;Lima;Lima;San Martín de Porres;150135;Sara Colonia Zambrano
LINESTRING (-77.0037303 -12.0531839, -77.0034648 -12.0532914, -77.003153 -12.0534088, -77.0028848 -12.0535085, -77.0023664 -12.0537085, -77.0021834 -12.0537728, -77.0016476 -12.053961, -77.0015832 -12.0539787, -77.0011225 -12.0542265, -77.0010146 -12.054281);Calle;Calle Sor Araceli Catalán;Perú;Lima;Lima;El Agustino;150111;Sor Araceli Catalán
LINESTRING (-76.9968724 -12.117762, -76.9972157 -12.1176388);Calle;Calle Teresa Carvallo;Perú;Lima;Lima;Surquillo;150141;María Teresa Carvallo Carrera
LINESTRING (-77.0775257 -11.9807639, -77.0773205 -11.9807744, -77.0771394 -11.9807915, -77.0769275 -11.9808125, -77.0766929 -11.9808282, -77.0760491 -11.9808977, -77.0752565 -11.9809725, -77.0750755 -11.9809883, -77.0750674 -11.9809437, -77.0749601 -11.9809515, -77.0746638 -11.9809699, -77.0743929 -11.9809909, -77.0741595 -11.9810093, -77.0737236 -11.9810591, -77.0733227 -11.9811011, -77.072974 -11.9811352, -77.0728814 -11.9811444);Calle;Calle Teresa Gonzales de Fanning;Perú;Lima;Lima;Los Olivos;150117;Teresa Gonzales de Fanning
LINESTRING (-77.0657879 -12.0237418, -77.0653695 -12.0240907, -77.0647472 -12.0246442, -77.0642484 -12.0250823, -77.0636851 -12.0255519, -77.0626659 -12.0263992);Calle;Calle Teresa Gonzáles de Fanning;Perú;Lima;Lima;San Martín de Porres;150135;Teresa Gonzales de Fanning
LINESTRING (-76.9960391 -12.0525867, -76.9959532 -12.0527349, -76.9958835 -12.0527113, -76.9957735 -12.0526247, -76.9956716 -12.0525146, -76.9954919 -12.0521932, -76.9953524 -12.0519637, -76.9952948 -12.0518299, -76.9952867 -12.0516988, -76.995339 -12.051506, -76.9954477 -12.0512148, -76.9954825 -12.0510496, -76.9954544 -12.0508987, -76.9954651 -12.0507413, -76.9955001 -12.0504451, -76.9955269 -12.0503113, -76.9954599 -12.0502694, -76.9954733 -12.0501251, -76.995492 -12.0499861, -76.9955189 -12.0498129, -76.9955457 -12.0497106, -76.9956878 -12.0496503, -76.9958729 -12.0496975);Calle;Calle Teresa Gonzales de Fanning;Perú;Lima;Lima;El Agustino;150111;Teresa Gonzales de Fanning
LINESTRING (-76.9927644 -12.1099025, -76.9924211 -12.1100756, -76.9922655 -12.1100808, -76.9904685 -12.1099655, -76.9897228 -12.1099078, -76.9890254 -12.1098553, -76.986944 -12.1097137, -76.9857049 -12.1096245);Calle;Calle Trinidad;Perú;Lima;Lima;San Borja;150130;Trinidad
LINESTRING (-77.06955 -12.0578943, -77.0696519 -12.0574589, -77.0690618 -12.0573435, -77.0691798 -12.0567507, -77.0692603 -12.056394, -77.0693729 -12.0560372, -77.0695553 -12.0556175, -77.0696703 -12.0552312);Calle;Calle Trinidad Celis;Perú;Lima;Lima;Cercado de Lima;150101;Trinidad Celis
LINESTRING (-77.0420498 -11.8916671, -77.0412129 -11.8919663, -77.0405477 -11.8921658, -77.0402956 -11.8923075, -77.0395178 -11.8929742, -77.0392066 -11.8932419, -77.0385897 -11.8937406);Calle;Calle Úrsula Pereda;Perú;Lima;Lima;Carabayllo;150106;Úrsula Pereda
LINESTRING (-77.087223 -12.0801831, -77.087117 -12.0798592, -77.0870191 -12.0795366, -77.0869534 -12.079328, -77.0868005 -12.0788376);Calle;Calle Ventura Ccalamaqui;Perú;Lima;Lima;San Miguel;150136;Ventura Ccalamaqui
LINESTRING (-77.0498018 -11.9008797, -77.0460199 -11.8942185);Calle;Calle Ventura Monjaras;Perú;Lima;Lima;Carabayllo;150106;Ventura Monjaras
LINESTRING (-77.1229356 -12.0567819, -77.1232575 -12.0565248, -77.1237202 -12.0561812);Calle;Calle Victoria;Perú;Lima;Callao;Callao;70101;Victoria
LINESTRING (-77.1237658 -12.0561484, -77.1241735 -12.0558126);Calle;Calle Victoria;Perú;Lima;Callao;Callao;70101;Victoria
LINESTRING (-77.0836041 -12.0391929, -77.0835451 -12.0397917, -77.0835089 -12.0402763, -77.083476 -12.0405603, -77.0834204 -12.0409649, -77.0833935 -12.041262, -77.0833781 -12.0415053, -77.0833466 -12.041902, -77.0832896 -12.0425906, -77.0832869 -12.0426555);Calle;Calle Victoria Navarro;Perú;Lima;Callao;Carmen de La Legua (Callao);70103;Victoria Navarro
LINESTRING (-76.9775343 -12.0437539, -76.977014 -12.0429958);Calle;Calle Victoria Navarro;Perú;Lima;Lima;Santa Anita;150137;Victoria Navarro
LINESTRING (-76.9607048 -12.1774391, -76.9601738 -12.1774496, -76.9595193 -12.1774915);Calle;Calle Violeta Parra;Perú;Lima;Lima;San Juan de Miraflores;150133;Violeta del Carmen Parra Sandoval
LINESTRING (-77.0651577 -12.079402, -77.0652207 -12.0797455, -77.0652462 -12.0799278, -77.065218 -12.0799711, -77.0646708 -12.0800904, -77.0641679 -12.0802229, -77.0638219 -12.0804026, -77.0632546 -12.0808183, -77.0623977 -12.081491);Calle;Calle Zoila Amoretti;Perú;Lima;Lima;Pueblo Libre;150124;Zoila Amoretti de Pechu
LINESTRING (-77.1127483 -12.0566973, -77.1129425 -12.0565823);Calle;Calle Zoila Cáceres;Perú;Lima;Callao;Bellavista (Callao);70102;Zoila Aurora Cáceres Moreno
